,sna,tot,sbi,sarea,mday,ar,bemp,act
0,YouBike2.0_捷運科技大樓站,28,1,大安區,2023-05-27 13:26:04,復興南路二段235號前,24,1
1,YouBike2.0_復興南路二段273號前,21,0,大安區,2023-05-27 13:17:22,復興南路二段273號西側,21,1
3,YouBike2.0_和平公園東側,11,2,大安區,2023-05-27 13:24:14,和平東路二段118巷33號,9,1
5,YouBike2.0_復興南路二段280號前,11,2,大安區,2023-05-27 13:26:19,復興南路二段280號,9,1
7,YouBike2.0_新生南路三段52號前,17,1,大安區,2023-05-27 12:59:04,新生南路三段52號,15,1
8,YouBike2.0_新生南路三段66號前,16,2,大安區,2023-05-27 13:25:15,新生南路三段66號東側,14,1
9,YouBike2.0_新生南路三段82號前,20,1,大安區,2023-05-27 13:25:15,新生南路三段82號,18,1
10,YouBike2.0_辛亥路一段30號前,8,2,大安區,2023-05-27 13:11:15,辛亥路一段30號,6,1
13,YouBike2.0_大安運動中心停車場,14,3,大安區,2023-05-27 13:23:15,敦南街76巷28號,11,1
14,YouBike2.0_羅斯福路三段245號前,8,3,大安區,2023-05-27 13:19:14,羅斯福路三段245號,5,1
15,YouBike2.0_溫州公園,5,1,大安區,2023-05-27 13:26:04,羅斯福路三段283巷11號,4,1
17,YouBike2.0_溫州停車場,5,1,大安區,2023-05-27 13:23:15,新生南路三段54巷/溫州街口,4,1
18,YouBike2.0_銘傳國小側門,7,1,大安區,2023-05-27 13:21:17,羅斯福路四段21號旁天橋下,5,1
23,YouBike2.0_公館公園,15,1,大安區,2023-05-27 13:21:17,羅斯福路四段113巷基隆路四段41巷口,14,1
26,YouBike2.0_臺大環研大樓,15,3,大安區,2023-05-27 12:44:13,芳蘭路/基隆路三段155巷口,12,1
29,YouBike2.0_臺大男一舍前,61,2,大安區,2023-05-27 13:23:15,長興街50號西北側,59,1
35,YouBike2.0_臺大社科院圖書館前,27,1,大安區,2023-05-27 13:25:15,辛亥路與復興南路口西南側,26,1
38,YouBike2.0_辛亥新生路口東南側,41,2,大安區,2023-05-27 13:15:14,辛亥新生路口東南側,38,1
39,YouBike2.0_基隆長興路口東側,15,1,大安區,2023-05-27 13:17:32,基隆長興路口東側,14,1
40,YouBike2.0_國北教大側門南側,25,3,大安區,2023-05-27 13:14:18,敦南街51號,21,1
42,YouBike2.0_大安區健康服務中心,15,0,大安區,2023-05-27 13:07:04,辛亥路三段15號,15,1
46,YouBike2.0_臥龍公園,14,2,大安區,2023-05-27 13:26:19,辛亥路三段223號西側,12,1
50,YouBike2.0_喬治工商,26,1,大安區,2023-05-27 13:21:04,基隆路二段166號,22,1
51,YouBike2.0_法治公園,15,0,大安區,2023-05-27 12:57:04,通化街189號西側,14,1
52,YouBike2.0_捷運臺電大樓站(2號出口),15,3,大安區,2023-05-27 13:23:15,辛亥路一段/羅斯福路三段口北側(辛亥路側),12,1
54,YouBike2.0_和平龍泉街口,34,0,大安區,2023-05-27 13:21:04,和平東路一段/龍泉街口西南側,33,1
60,YouBike2.0_新生和平路口東北側,38,2,大安區,2023-05-27 13:21:17,新生南路二段與和平東路二段口東北側,35,1
62,YouBike2.0_金華公園,35,1,大安區,2023-05-27 13:25:15,金華街249號對面,32,1
63,YouBike2.0_捷運東門站(3號出口),15,1,大安區,2023-05-27 13:23:15,信義路二段128號前,14,1
68,YouBike2.0_敦化基隆路口,29,1,大安區,2023-05-27 13:15:14,敦化南路二段218號,26,1
69,YouBike2.0_安和路二段181巷口,17,1,大安區,2023-05-27 13:25:15,安和路二段185號,16,1
70,YouBike2.0_臨江街夜市(通化街101巷口),30,1,大安區,2023-05-27 13:26:19,通化街111號,27,1
71,YouBike2.0_臨江街夜市(基隆路),17,0,大安區,2023-05-27 13:17:22,基隆路二段108號,14,1
72,YouBike2.0_台北科技大學億光大樓,46,2,大安區,2023-05-27 13:23:15,忠孝東路三段81號,43,1
75,YouBike2.0_民榮公園,15,0,大安區,2023-04-20 07:22:04,建國南路一段304巷45號南側,15,0
79,YouBike2.0_捷運大安站(4號出口),13,0,大安區,2023-05-27 13:26:04,信義路4段6號(前),11,1
80,YouBike2.0_捷運大安站(2號出口),22,0,大安區,2023-05-27 12:53:04,信義路3段143號(前),22,1
81,YouBike2.0_信義大安路口(信維大樓),12,1,大安區,2023-05-27 13:21:17,信義路四段74號(前),10,1
84,YouBike2.0_信義敦化路口,46,2,大安區,2023-05-27 13:25:15,信義路四段155號前,44,1
85,YouBike2.0_仁愛國中,25,0,大安區,2023-05-27 13:12:04,安和路一段75號(對面),23,1
86,YouBike2.0_捷運信義安和站(2號出口),26,0,大安區,2023-05-27 13:26:19,信義路四段188號前,25,1
87,YouBike2.0_八德市場,30,1,大安區,2023-05-27 13:26:19,市民大道三段170號,28,1
88,YouBike2.0_昌隆公園,16,2,大安區,2023-05-27 13:22:14,市民大道三段206號西側,13,1
90,YouBike2.0_信義延吉街口,15,1,大安區,2023-05-27 13:23:15,信義路四段353號,14,1
91,YouBike2.0_光信公園(光復南路456巷),15,2,大安區,2023-05-27 13:21:17,延吉街249號,12,1
94,YouBike2.0_捷運忠孝新生站(6號出口),15,0,大安區,2023-05-27 13:23:04,新生南路一段101號,15,1
95,YouBike2.0_捷運忠孝新生站(4號出口),34,0,大安區,2023-05-27 13:26:19,忠孝新生路口北側,33,1
96,YouBike2.0_大安高工,23,2,大安區,2023-05-27 13:24:14,復興南路二段52號(前),18,1
97,YouBike2.0_捷運忠孝新生站(3號出口),23,1,大安區,2023-05-27 13:26:04,忠孝東路三段與10巷口,22,1
99,YouBike2.0_敦化市民路口,23,2,大安區,2023-05-27 13:19:14,敦化南路1段158號(前),18,1
102,YouBike2.0_東豐公園,19,1,大安區,2023-05-27 13:26:04,東豐街24號(旁公園路側),17,1
103,YouBike2.0_德安公園(四維路66巷),14,3,大安區,2023-05-27 13:17:32,四維路66巷6號北側,11,1
108,YouBike2.0_樂利路21巷口,17,1,大安區,2023-05-27 13:22:14,樂利路25號,16,1
112,YouBike2.0_捷運信義安和站(4號出口),30,0,大安區,2023-05-27 13:25:15,信義路四段252號前,29,1
116,YouBike2.0_敦化南路二段103巷口,24,2,大安區,2023-05-27 13:22:14,敦化南路二段99號前,22,1
119,YouBike2.0_芳蘭山莊,16,2,大安區,2023-05-27 12:42:04,基隆路三段155巷148號,14,1
124,YouBike2.0_臺北科技大學(電機工程系),16,0,大安區,2023-05-27 13:26:04,忠孝東路三段100號對側,16,1
128,YouBike2.0_捷運大安站(6號出口),19,0,大安區,2023-05-27 13:14:04,復興南路一段303號前,19,1
129,YouBike2.0_臥龍街195巷口,14,1,大安區,2023-05-27 13:21:04,臥龍街/臥龍街195巷(南側),12,1
130,YouBike2.0_辛亥路三段157巷口,19,2,大安區,2023-05-27 13:14:18,辛亥路三段與辛亥路三段157巷口西北側,17,1
131,YouBike2.0_臥龍基隆路口,16,2,大安區,2023-05-27 13:11:15,臥龍街與基隆路二段口東北側,14,1
132,YouBike2.0_敦親公園,20,2,大安區,2023-05-27 13:24:14,和平東路二段96巷8之1號(前方),18,1
134,YouBike2.0_和平敦化路口,25,1,大安區,2023-05-27 13:25:15,和平東路三段 / 敦化南路二段口(東側),23,1
135,YouBike2.0_基隆長興路口,43,0,大安區,2023-05-27 12:29:04,基隆路/長興街(東南側),43,1
136,YouBike2.0_仁愛路四段122巷口,16,2,大安區,2023-05-27 13:23:15,仁愛路四段118號前,14,1
140,YouBike2.0_和平新生路口西南側,13,3,大安區,2023-05-27 13:25:15,新生南路三段2號前,10,1
141,YouBike2.0_全安公園,16,1,大安區,2023-05-27 13:15:14,安和路二段227巷16號對側,14,1
143,YouBike2.0_仁愛敦南圓環(東南側),16,2,大安區,2023-05-27 13:25:15,仁愛路四段110號前,10,1
144,YouBike2.0_臺北遠企購物中心,33,2,大安區,2023-05-27 13:23:15,敦化南路二段201號前,30,1
146,YouBike2.0_四維路170巷口,22,0,大安區,2023-05-27 13:17:22,敦化南路二段92號對側中央分隔島,22,1
151,YouBike2.0_敦化南路二段81巷,40,2,大安區,2023-05-27 13:23:15,敦化南路二段與敦化南路二段81巷口西北側,37,1
152,YouBike2.0_原臺北刑務所官舍,23,0,大安區,2023-05-27 13:17:22,金華街78號對側,23,1
158,YouBike2.0_捷運大安站(5號出口),19,1,大安區,2023-05-27 13:26:04,復興南路二段/信義路四段(東南側),15,1
159,YouBike2.0_臨江公園,13,0,大安區,2023-05-27 13:24:04,通化街143巷33號對側,12,1
163,YouBike2.0_樂利路101巷口,13,1,大安區,2023-05-27 13:24:14,樂利路97號前,12,1
168,YouBike2.0_民族延平路口,23,3,大同區,2023-05-27 13:19:14,延平北路三段123號北側,20,1
169,YouBike2.0_重慶酒泉街口,30,3,大同區,2023-05-27 13:17:32,重慶北路三段260號前,27,1
170,YouBike2.0_樹德公園,14,1,大同區,2023-05-27 13:15:14,大龍街85巷12號對側,13,1
171,YouBike2.0_陳天來故居,18,3,大同區,2023-05-27 13:25:15,西寧北路112號前方,15,1
175,YouBike2.0_重慶國中,37,2,大同區,2023-05-27 13:21:17,敦煌路19號前,35,1
177,YouBike2.0_台北數位產業園區,24,3,大同區,2023-05-27 13:12:14,承德路三段287號前方,21,1
181,YouBike2.0_大龍老人住宅,14,0,大同區,2023-05-27 12:32:04,民族西路82號前方,14,1
183,YouBike2.0_捷運大橋頭站(2號出口),57,2,大同區,2023-05-27 13:25:15,捷運大橋頭站(2號出口)西側,55,1
184,YouBike2.0_捷運大橋頭站(1A出口),18,1,大同區,2023-05-27 13:25:04,民權西路237號旁,15,1
185,YouBike2.0_捷運民權西路站(2號出口),25,1,大同區,2023-05-27 13:21:17,捷運民權西路站(2號出口)西側,24,1
187,YouBike2.0_捷運北門站(3號出口),62,3,大同區,2023-05-27 13:26:19,塔城街與鄭州路口西南側,59,1
188,YouBike2.0_朝陽公園,10,0,大同區,2023-05-27 13:24:04,重慶北路二段62-1號旁,10,1
192,YouBike2.0_圓山線形公園,14,2,大同區,2023-05-27 13:23:15,玉門街/民族西路(西北側),12,1
197,YouBike2.0_國順公園,20,3,大同區,2023-05-27 13:14:18,昌吉街117號前,17,1
198,YouBike2.0_聯合醫院中興院區,27,3,大同區,2023-05-27 13:24:14,長安西路299號(對面),24,1
201,YouBike2.0_大同運動中心,16,2,大同區,2023-05-27 13:21:17,大龍街51號(旁),14,1
205,YouBike2.0_民權國中(民權西路),17,2,大同區,2023-05-27 13:24:14,民權西路/蘭州街(西側),15,1
207,YouBike2.0_南京太原路口,18,3,大同區,2023-05-27 13:23:15,南京西路/太原路(東側),15,1
209,YouBike2.0_太原五原路口,24,0,大同區,2023-05-27 13:17:22,太原路 / 五原路口(東南側),24,1
211,YouBike2.0_捷運民權西路站(3號出口),50,3,大同區,2023-05-27 13:22:15,民權西路70巷37號對面,47,1
223,YouBike2.0_劍潭抽水站,17,1,士林區,2023-05-27 12:27:14,通河東街325巷/通河東街口,12,1
224,YouBike2.0_通河東街大南路口,15,3,士林區,2023-05-27 13:19:14,通河東街1段192號(旁),11,1
225,YouBike2.0_福港街停車場,22,0,士林區,2023-05-27 13:11:04,華齡街175號(旁),22,1
227,YouBike2.0_雨聲街165巷口,15,2,士林區,2023-05-27 12:56:04,雨聲街/雨聲街165巷(西北側),13,1
236,YouBike2.0_明勝公園,14,1,士林區,2023-05-27 13:21:17,承德路4段6巷71號(對面),11,1
237,YouBike2.0_劍潭海外青年活動中心,23,3,士林區,2023-05-27 13:13:15,中山北路4段/通河街口,20,1
244,YouBike2.0_前港公園(福德宮),18,0,士林區,2023-05-27 13:16:04,後港街134巷/後港街口,18,1
252,YouBike2.0_志成公園,23,2,士林區,2023-05-27 13:23:15,中正路/雨農路口(西北側),21,1
253,YouBike2.0_福林國小,14,3,士林區,2023-05-27 12:48:14,福志路50號(對面),10,1
255,YouBike2.0_士林運動中心,30,3,士林區,2023-05-27 13:25:15,士商路1號(前),27,1
259,YouBike2.0_華聲公園,27,0,士林區,2023-02-03 10:09:04,華聲街17號(南側路側),27,0
261,YouBike2.0_捷運士林站(2號出口),30,0,士林區,2023-05-27 13:21:04,中山北路五段505巷44弄2號(對面),28,1
262,YouBike2.0_銘傳大學,30,0,士林區,2023-05-17 23:56:05,中山北路五段250號(銘傳大學對側),29,0
265,YouBike2.0_聯合醫院陽明院區,15,0,士林區,2023-05-27 13:11:04,雨聲街105號(南側),14,1
270,YouBike2.0_梅林新村,15,2,士林區,2023-05-27 11:54:04,至善路一段/至善路一段138巷(北側),13,1
272,YouBike2.0_重慶北路四段190巷口,13,2,士林區,2023-05-27 13:12:14,重慶北路四段198號(前),11,1
273,YouBike2.0_重慶北葫東街口,15,1,士林區,2023-05-27 12:52:04,重慶北路四段177號(前),14,1
286,YouBike2.0_延平北路八段133巷口,15,3,士林區,2023-05-27 06:03:14,延平北路八段133巷42號(對面),12,1
289,YouBike2.0_福安國中,11,3,士林區,2023-05-27 12:35:15,延平北路七段250號(前),8,1
291,YouBike2.0_聖山綠地,15,2,士林區,2023-05-27 13:26:19,忠義街94號(旁),13,1
293,YouBike2.0_士林新天地,29,2,士林區,2023-05-27 13:13:15,大南路325號前方,27,1
304,YouBike2.0_至誠雨聲街口,9,2,士林區,2023-05-27 13:21:18,至誠路二段與雨聲街口東北側,6,1
306,YouBike2.0_天母公園,12,0,士林區,2023-05-27 11:30:37,中山北路七段141巷30號對側,12,1
307,YouBike2.0_基河文林路口,16,3,士林區,2023-05-27 13:14:18,基河路3-1號對側人行道,13,1
308,YouBike2.0_文林福華路口,19,1,士林區,2023-05-27 13:09:14,文林路 / 福華路口(東側),17,1
311,YouBike2.0_捷運劍潭站(1號出口),70,1,士林區,2023-05-27 13:26:19,捷運劍潭站(1號出口)北側,69,1
314,YouBike2.0_葫蘆國小(延平北路五段285巷),15,1,士林區,2023-05-27 11:34:15,環河北路三段/延平北路五段285巷,14,1
315,YouBike2.0_社子市場,15,3,士林區,2023-05-27 13:21:18,延平北路六段67號旁,12,1
319,YouBike2.0_延平北路五段257巷15弄口,13,3,士林區,2023-05-27 12:51:15,葫蘆街184號對側,10,1
324,YouBike2.0_承德後港街口,11,2,士林區,2023-05-27 13:19:14,承德路四段/後港街口,8,1
325,YouBike2.0_中山北路五段698巷口,15,3,士林區,2023-05-27 13:03:15,中山北路五段692號前,12,1
333,YouBike2.0_美崙公園,13,0,士林區,2023-05-27 12:29:04,美崙街118號斜對面人行道,13,1
334,YouBike2.0_臺北市立大學(忠誠路二段207巷),17,2,士林區,2023-05-27 13:22:15,忠誠路二段207巷/士東路299巷口,15,1
336,YouBike2.0_美崙公園(東北側),15,1,士林區,2023-05-27 13:26:19,文林路587巷115號對側,14,1
337,YouBike2.0_台北花木批發市場,32,3,文山區,2023-05-27 13:21:18,萬盛街/興隆路一段(西北側),28,1
338,YouBike2.0_捷運萬隆站(4號出口),21,0,文山區,2023-05-27 13:26:19,羅斯福路5段210號(前),21,1
347,YouBike2.0_興福國中,25,1,文山區,2023-05-27 13:13:15,福興路95巷/福興路63巷4弄口,23,1
349,YouBike2.0_景美運動公園,11,2,文山區,2023-05-27 13:06:16,景豐街79號(旁公園),8,1
350,YouBike2.0_景美醫院,18,3,文山區,2023-05-27 13:16:15,羅斯福路六段280號(前),15,1
354,YouBike2.0_國立政治大學,35,3,文山區,2023-05-27 13:10:21,指南路二段153號(對面),32,1
355,YouBike2.0_捷運動物園站,18,0,文山區,2023-05-27 12:59:04,新光路二段30號(對面),17,1
357,YouBike2.0_捷運萬芳社區站,31,0,文山區,2023-05-27 12:14:04,萬芳路60號(西側廣場),31,1
370,YouBike2.0_老泉街籃球場,14,2,文山區,2023-05-27 13:24:14,老泉街26巷老泉街口(籃球場前),12,1
377,YouBike2.0_指南路3段2巷,13,0,文山區,2023-05-27 12:12:04,指南路三段4號(旁),13,1
378,YouBike2.0_萊茵公園,14,2,文山區,2023-05-27 12:34:13,忠順街二段87巷25弄29號,12,1
379,YouBike2.0_木柵社會住宅,12,3,文山區,2023-05-27 13:21:18,久康街24巷46號對側,9,1
380,YouBike2.0_秀明路一段185巷口,20,1,文山區,2023-05-27 13:03:15,秀明路一段與秀明路一段185巷口,19,1
381,YouBike2.0_秀明路一段129巷口,22,0,文山區,2023-05-27 13:21:04,秀明路一段129巷與秀明路一段路口,22,1
382,YouBike2.0_恆光橋(老泉街),13,2,文山區,2023-05-27 12:51:15,老泉街/恆光街口,11,1
383,YouBike2.0_萬有3號公園,14,0,文山區,2023-05-27 13:25:15,景隆街105號(對面),14,1
387,YouBike2.0_博嘉運動公園,12,1,文山區,2023-05-27 12:50:08,木柵路四段159巷16號,11,1
390,YouBike2.0_政大一街口,14,0,文山區,2023-05-27 12:44:04,政大一街19號對側,13,1
391,YouBike2.0_文山第二行政中心,30,1,文山區,2023-05-27 13:17:32,興隆路二段160-1號前,29,1
394,YouBike2.0_明道國小東南側,18,2,文山區,2023-05-27 13:06:16,興隆路四段109巷116號對側,16,1
397,YouBike2.0_師範大學公館校區_1,25,1,文山區,2023-05-27 13:19:14,師大公館校區校門口(汀州路側),24,1
399,YouBike2.0_政大水岸電梯,10,3,文山區,2023-05-27 13:21:18,政治大學水岸電梯旁,7,1
400,YouBike2.0_敦南山林,14,2,文山區,2023-05-27 13:07:14,木柵路四段159巷16弄(社區出入口對側),12,1
401,YouBike2.0_辛亥路五段73巷口,13,2,文山區,2023-05-27 13:23:15,辛亥路五段75-1號前人行道,11,1
403,YouBike2.0_萬和三號公園(北側),13,0,文山區,2023-05-27 13:21:04,溪洲街107巷(公園北側),11,1
405,YouBike2.0_景仁公園_1,15,1,文山區,2023-05-27 13:24:14,景仁街 / 羅斯福路六段142巷口(北側),13,1
406,YouBike2.0_師大公館校區學二舍,40,3,文山區,2023-05-27 13:21:18,臺灣師範大學學二舍西側人行道,35,1
408,YouBike2.0_萬興國小,16,1,文山區,2023-05-27 13:05:05,秀明路二段114號公車亭旁,15,1
409,YouBike2.0_辛亥路四段77巷口,14,2,文山區,2023-05-27 13:14:18,辛亥路四段77巷口,12,1
410,YouBike2.0_景興路42巷口,12,2,文山區,2023-05-27 13:24:04,景興路42巷與景興路口西南側,10,1
412,YouBike2.0_木柵路二段109巷,15,1,文山區,2023-05-27 12:30:33,木柵路二段109巷14號旁,14,1
414,YouBike2.0_萬美萬安街口,16,0,文山區,2023-05-27 13:11:04,萬美街一段/萬安街口,16,1
416,YouBike2.0_新光秀明路口,15,1,文山區,2023-05-27 13:26:19,新光路一段145號前,13,1
419,YouBike2.0_捷運公館站(1號出口),12,1,中正區,2023-05-27 13:26:19,羅斯福路四段68號,11,1
420,YouBike2.0_捷運公館站(4號出口),12,2,中正區,2023-05-27 13:26:19,羅斯福路四段48號,9,1
424,YouBike2.0_客家文化主題公園,15,2,中正區,2023-05-27 13:17:32,師大路/金門街11巷口對側人行道,13,1
425,YouBike2.0_河堤國小,27,2,中正區,2023-05-27 13:26:19,汀洲路二段182巷內186號旁,24,1
427,YouBike2.0_捷運臺電大樓站(5號出口),14,3,中正區,2023-05-27 13:22:15,羅斯福路三段126號前,11,1
429,YouBike2.0_羅斯福三段金門街口,15,0,中正區,2023-05-27 13:23:04,羅斯福路三段2號前,14,1
431,YouBike2.0_捷運古亭站(8號出口),15,2,中正區,2023-05-27 13:23:15,和平西路一段13-1號前方,12,1
432,YouBike2.0_捷運古亭站(7號出口),12,1,中正區,2023-05-27 13:26:19,羅斯福路二段44號前方,10,1
437,YouBike2.0_金華杭州南路口,21,1,中正區,2023-05-27 13:26:19,金華街口/杭州南路二段西北側,20,1
444,YouBike2.0_中華路二段409巷口,15,3,中正區,2023-05-27 12:33:14,中華路二段403號前,12,1
446,YouBike2.0_南海和平路口西南側,19,2,中正區,2023-05-27 13:21:18,南海路與和平西路二段西南側,17,1
447,YouBike2.0_莒光和平路口,20,2,中正區,2023-05-27 13:24:14,莒光路2號前,18,1
455,YouBike2.0_濟南紹興路口,39,0,中正區,2023-05-27 13:03:04,濟南紹興路口東南側,39,1
471,YouBike2.0_中華路一段21巷口,22,3,中正區,2023-05-27 13:17:32,中華路一段11號(斜前方),19,1
473,YouBike2.0_寶藏巖觀音亭,23,1,中正區,2023-05-27 12:50:08,汀州路三段230巷23號,22,1
478,YouBike2.0_莒光大埔街口,32,2,中正區,2023-05-27 13:25:15,莒光路/大埔街口(東北側),29,1
479,YouBike2.0_捷運忠孝新生站(2號出口),32,0,中正區,2023-05-27 13:24:04,忠孝東路二段132號(東側),30,1
484,YouBike2.0_王貫英先生紀念圖書館,15,0,中正區,2023-05-27 13:17:22,汀州路二段265號,15,1
487,YouBike2.0_徐州杭州路口,19,1,中正區,2023-05-27 12:53:04,徐州路/杭州南路一段口(西北側),18,1
488,YouBike2.0_捷運中正紀念堂站(6號出口),17,3,中正區,2023-05-27 12:57:14,捷運中正紀念堂站(6號出口)北側,13,1
489,YouBike2.0_捷運臺北車站(M2出口),20,1,中正區,2023-05-27 13:26:04,市民大道一段168號旁,19,1
492,YouBike2.0_弘道國中,18,1,中正區,2023-05-27 13:21:18,公園路21號西北側,16,1
494,YouBike2.0_台北市替代役中心,15,3,中正區,2023-05-27 13:24:14,汀州路三段8號前,12,1
495,YouBike2.0_紹興徐州路口,18,0,中正區,2023-05-27 13:23:04,紹興南街/徐州路(東南側),18,1
500,YouBike2.0_仁愛金山路口,9,0,中正區,2023-05-27 13:14:04,仁愛路二段31號前,9,1
501,YouBike2.0_杭州南路一段101巷口,14,3,中正區,2023-05-27 13:11:15,金山南路一段72號前,11,1
506,YouBike2.0_林森北平路口,20,1,中正區,2023-05-27 13:25:15,林森北路與北平東路口西北側,18,1
508,YouBike2.0_天津北平路口,15,2,中正區,2023-05-27 12:01:18,天津街1號對側人行道,13,1
509,YouBike2.0_捷運忠孝新生站(1號出口),19,0,中正區,2023-05-27 13:10:10,捷運忠孝新生站(1號出口)後方,19,1
510,YouBike2.0_捷運忠孝新生站(5號出口),13,1,中正區,2023-05-27 13:21:18,新生南路一段56號前方,12,1
511,YouBike2.0_捷運臺大醫院站(1號出口),19,1,中正區,2023-05-27 13:23:04,公園路/常德街口(西側),17,1
513,YouBike2.0_林森濟南路口(東北側),15,1,中正區,2023-05-27 13:21:04,林森南路/濟南路一段口(東北側),12,1
516,YouBike2.0_立法院台北會館,15,2,中正區,2023-05-27 13:16:15,博愛路217號旁,12,1
517,YouBike2.0_捷運善導寺站(3號出口)(忠孝東路側),17,0,中正區,2023-05-27 13:26:04,忠孝東路一段/林森南路口,16,1
520,YouBike2.0_濟南路二段8巷口,15,3,中正區,2023-05-27 13:21:18,濟南路二段6-1號對側,12,1
521,YouBike2.0_仁愛金山路口(東南側),14,3,中正區,2023-05-27 13:24:14,仁愛路二段48-4號前,11,1
522,YouBike2.0_臺灣文學基地,15,2,中正區,2023-05-27 13:05:05,齊東街53巷10號,13,1
523,YouBike2.0_重慶南詔安街口,15,2,中正區,2023-05-27 13:26:19,重慶南路三段/詔安街,13,1
526,YouBike2.0_螢圃里小公園,19,2,中正區,2023-05-27 13:22:15,汀州路二段135號對側,16,1
527,YouBike2.0_螢橋公園,15,2,中正區,2023-05-27 13:22:15,和平西路一段110號旁,11,1
530,YouBike2.0_樂群二堤頂大道口,20,2,中山區,2023-05-27 13:15:15,堤頂大道二段382號(旁),17,1
531,YouBike2.0_劍潭社區,13,0,中山區,2023-05-27 09:55:11,通北街146巷2弄2號(對面公園),13,1
537,YouBike2.0_樂群二敬業四路口,36,3,中山區,2023-05-27 13:26:19,樂群二路186號,33,1
539,YouBike2.0_復興市民路口,45,0,中山區,2023-05-27 13:26:19,復興南路一段36-9號前人行道,45,1
542,YouBike2.0_新生長安路口,20,1,中山區,2023-05-27 13:24:04,新生北路一段/長安東路二段交叉口(北側),19,1
544,YouBike2.0_南京新生路口,30,1,中山區,2023-05-27 13:19:14,新生北路一段/南京東路一段口(橋墩下方),28,1
545,YouBike2.0_一江公園,22,1,中山區,2023-05-27 13:24:04,一江街/松江路132巷口(西北側),21,1
546,YouBike2.0_松江公園,25,3,中山區,2023-05-27 13:15:15,松江路/松江路84巷(西北側路側),22,1
547,YouBike2.0_新生長春路口,20,0,中山區,2023-05-27 13:25:15,新生北路二段/新生北路二段68巷交叉口(新生橋下),19,1
548,YouBike2.0_第二果菜批發市場,28,1,中山區,2023-05-27 13:12:14,民族東路410巷2弄18號(東側),25,1
549,YouBike2.0_民生建國路口,26,2,中山區,2023-05-27 13:21:18,民生東路三段 / 建國北路二段口,24,1
552,YouBike2.0_龍江錦州街口,16,2,中山區,2023-05-27 13:22:15,龍江路287號前方,13,1
556,YouBike2.0_朱崙商場,31,3,中山區,2023-05-27 13:26:19,龍江路15號前,27,1
557,YouBike2.0_中吉公園,15,3,中山區,2023-05-27 12:58:14,松江路170巷20號對側,12,1
558,YouBike2.0_華山公園,19,2,中山區,2023-05-27 13:22:15,市民大道與長安東路一段52巷口,16,1
560,YouBike2.0_江寧公園,15,2,中山區,2023-05-27 13:25:15,合江街186號對側,12,1
564,YouBike2.0_林森農安街口,17,1,中山區,2023-05-27 12:57:04,林森北路582號(前),16,1
565,YouBike2.0_捷運中山國小站(4號出口),20,1,中山區,2023-05-27 13:26:19,民權東路一段/民權東路一段71巷口,19,1
566,YouBike2.0_農安雙城街口,15,1,中山區,2023-05-27 13:06:04,農安街12-1號前方,14,1
568,YouBike2.0_民族林森路口,20,0,中山區,2023-05-27 12:59:04,民族東路17號前,18,1
571,YouBike2.0_新生高架停車場(林森北路107巷口),14,3,中山區,2023-05-27 13:24:14,新生北路一段與林森北路107巷口(新生高架橋下),10,1
572,YouBike2.0_南京林森路口(東南側),10,3,中山區,2023-05-27 13:23:15,南京東路一段86號前,5,1
573,YouBike2.0_仁德公園,18,0,中山區,2023-04-17 00:35:05,吉林路108巷與南京東路二段21巷口東南側,18,0
574,YouBike2.0_中原公園,15,1,中山區,2023-05-27 13:19:14,新生北路二段45巷(中原公園西側),14,1
576,YouBike2.0_五常國中,16,1,中山區,2023-05-27 13:26:19,復興北路488巷2弄5號對側,14,1
579,YouBike2.0_松江路431巷口,15,0,中山區,2023-05-27 12:51:04,松江路433號前,15,1
580,YouBike2.0_新喜公園,13,0,中山區,2023-05-27 13:12:04,德惠街170巷22號對側,12,1
581,YouBike2.0_吉林路407巷口,15,1,中山區,2023-05-27 13:25:15,吉林路401號前,13,1
583,YouBike2.0_林安泰古厝,22,2,中山區,2023-05-27 13:21:18,濱江街5號對側,20,1
584,YouBike2.0_中山公民會館,20,2,中山區,2023-05-27 13:17:32,中山北路二段128巷口,16,1
585,YouBike2.0_渭水八德路口,23,1,中山區,2023-05-27 13:11:15,渭水路54號對側,20,1
587,YouBike2.0_撫順公園,20,2,中山區,2023-05-27 13:25:15,中山北路三段2號對側,17,1
588,YouBike2.0_新生公園,16,1,中山區,2023-05-27 13:19:04,民族東路/吉林路口(西北側),15,1
591,YouBike2.0_建國農安街口,35,3,中山區,2023-05-27 13:21:18,建國北路/農安街口(建國橋下),30,1
592,YouBike2.0_松江路77巷口,10,1,中山區,2023-05-27 13:17:22,松江路77巷口,9,1
593,YouBike2.0_建國長安路口,20,3,中山區,2023-05-27 12:49:14,建國北路一段與長安東路二段口北側,15,1
594,YouBike2.0_市民新生路口,15,1,中山區,2023-05-27 13:09:15,新生北路一段36號前,14,1
595,YouBike2.0_民權吉林路口,15,1,中山區,2023-05-27 13:25:05,民權東路二段51號前,13,1
598,YouBike2.0_中吉公園(松江路188巷),22,2,中山區,2023-05-27 13:09:15,松江路188巷11號對側,20,1
599,YouBike2.0_吉林路123巷口,13,3,中山區,2023-05-27 13:22:15,吉林路125號前,10,1
604,YouBike2.0_永盛公園(民生東路一段23巷),24,2,中山區,2023-05-27 13:21:18,民生東路一段23巷/民生東路一段27巷口,22,1
605,YouBike2.0_新生錦州街口,20,1,中山區,2023-05-27 13:14:04,新生北路二段100號前,19,1
606,YouBike2.0_濱江街199巷口,15,0,中山區,2023-05-27 13:12:04,濱江街199巷(八號疏散門前),15,1
607,YouBike2.0_大佳社區公園,15,0,中山區,2023-05-27 10:38:04,濱江街154巷對側,15,1
609,YouBike2.0_興安合江路口,19,1,中山區,2023-05-27 13:26:19,興安街60號對側,18,1
610,YouBike2.0_復興北路514巷口東側,10,0,中山區,2023-05-27 13:14:04,復興北路514巷66號前側,9,1
611,YouBike2.0_台泥大樓,18,2,中山區,2023-05-27 13:26:19,中山北路二段113-133號前,14,1
615,YouBike2.0_南京龍江路口,15,2,中山區,2023-05-27 13:25:15,南京東路三段121號前,13,1
617,YouBike2.0_臺北市立圖書館大直分館,20,1,中山區,2023-05-27 13:07:14,大直街28號對側,19,1
620,YouBike2.0_中429公園,15,0,中山區,2023-05-27 10:24:04,敬業三路177巷南側,15,1
625,YouBike2.0_長春一江街口,11,3,中山區,2023-05-27 12:52:15,長春路135號前,8,1
628,YouBike2.0_松江長春路口,16,3,中山區,2023-05-27 13:17:32,松江路158號前,13,1
631,YouBike2.0_新生農安街口,15,0,中山區,2023-05-27 12:58:04,新生北路三段與農安街口(高架橋下),15,1
632,YouBike2.0_稻江高級護理家事職業學校,14,0,中山區,2023-05-27 12:19:03,農安街77巷與農安街77巷1弄口,13,1
633,YouBike2.0_捷運大直站(3號出口)_1,18,0,中山區,2023-05-27 13:26:19,北安路458巷41弄52之1號前,18,1
635,YouBike2.0_民權吉林路口(南側),16,0,中山區,2023-05-27 13:21:04,民權東路二段46號前,16,1
637,YouBike2.0_民權新生路口,26,0,中山區,2023-05-27 12:50:08,民權東路一段/新生北路三段(北側)(新生高架橋下),25,1
642,YouBike2.0_濱江國小游泳池,16,1,中山區,2023-05-27 13:08:14,樂群二路266巷99號前,14,1
644,YouBike2.0_中428公園,15,2,中山區,2023-05-27 11:08:15,樂群二路30巷/樂群二路116巷61弄,13,1
645,YouBike2.0_復華公園,20,0,中山區,2023-05-27 13:26:19,南京東路三段109巷/龍江路120巷,20,1
649,YouBike2.0_龍江朱崙街口,14,3,中山區,2023-05-27 13:21:18,龍江路/朱崙街口西北側,11,1
654,YouBike2.0_新生濱江街口(東南側),21,3,中山區,2023-05-27 12:55:24,新生北路三段/濱江街口(東南側),18,1
655,YouBike2.0_新生北路一段62巷口,20,1,中山區,2023-05-27 13:15:15,新生北路一段64號對側,19,1
656,YouBike2.0_新生長春路口(東北側),19,0,中山區,2023-05-27 13:13:04,新生北路二段39-2號對側,18,1
659,YouBike2.0_長春路258巷2弄口,15,3,中山區,2023-05-27 13:05:16,長春路258巷6號北側,12,1
661,YouBike2.0_建國五常街口,20,0,中山區,2023-05-27 13:14:04,建國北路三段/五常街,20,1
663,YouBike2.0_市民安東街口,20,1,中山區,2023-05-27 13:17:32,市民大道三段179號前,19,1
664,YouBike2.0_市民大道二段5巷口,15,3,中山區,2023-05-27 13:19:14,市民大道二段/市民大道二段5巷,12,1
665,YouBike2.0_文湖街21巷118弄口,19,0,內湖區,2023-05-27 13:03:04,文湖街21巷118弄6-10號(前),18,1
669,YouBike2.0_文湖國小,31,2,內湖區,2023-05-27 13:18:14,文湖街21巷口北側,27,1
672,YouBike2.0_麗山國小,15,3,內湖區,2023-05-27 13:19:14,內湖路一段411巷56號東側,12,1
674,YouBike2.0_港華五號公園,16,0,內湖區,2023-05-27 12:40:10,環山路二段81號西北側,16,1
675,YouBike2.0_大湖國小,25,2,內湖區,2023-05-27 13:26:19,大湖山莊街/大湖山莊街176巷(東南側),21,1
676,YouBike2.0_安湖三號公園,12,3,內湖區,2023-05-27 13:06:16,東湖路113巷49弄3號北側,9,1
677,YouBike2.0_東湖路113巷95弄,10,0,內湖區,2023-05-27 10:23:04,東湖路113巷95弄13號西側,9,1
679,YouBike2.0_文德三號公園(江南街71巷16弄),15,3,內湖區,2023-05-27 13:25:15,瑞光路271號東南側,12,1
681,YouBike2.0_康寧星雲街口,12,3,內湖區,2023-05-27 13:19:14,康寧路一段116號,9,1
682,YouBike2.0_星雲街47號,15,0,內湖區,2023-05-27 13:16:04,星雲街47號南側,15,1
684,YouBike2.0_捷運西湖站(2號出口),12,0,內湖區,2023-05-27 13:08:04,內湖路一段291號(對面),12,1
687,YouBike2.0_環山路二段26巷口,29,3,內湖區,2023-05-27 13:26:19,環山路二段/環山路二段26巷(西南側),26,1
689,YouBike2.0_碧山公園,31,0,內湖區,2023-05-27 13:26:04,內湖路三段60巷28號東側,31,1
693,YouBike2.0_文德二號公園(南側),13,0,內湖區,2023-05-27 12:38:04,陽光街與陽光街68巷102弄口,13,1
695,YouBike2.0_瑞陽公園,12,1,內湖區,2023-05-27 13:14:04,文德路22巷6號(對面),11,1
699,YouBike2.0_潭美國小(南京舊宗路口),16,0,內湖區,2023-05-27 12:19:03,行善路179號南側,16,1
700,YouBike2.0_新明路343號,10,2,內湖區,2023-05-27 13:07:14,新明路341號北側,8,1
704,YouBike2.0_安康路32巷24弄,21,1,內湖區,2023-05-27 13:04:17,安康路32巷24弄22號,20,1
709,YouBike2.0_瑞光公共住宅(瑞光路),18,0,內湖區,2023-05-27 12:23:04,瑞光路160號,18,1
710,YouBike2.0_民權東路六段15巷,17,1,內湖區,2023-05-27 01:11:15,民權東路六段15巷29號,16,1
711,YouBike2.0_扶輪親恩公園,17,0,內湖區,2023-05-27 12:51:04,民權東路六段30號,16,1
713,YouBike2.0_內湖119號綠地,24,0,內湖區,2023-05-27 13:23:04,南京東路六段125號南側,22,1
715,YouBike2.0_三軍總醫院,14,3,內湖區,2023-05-27 13:05:16,成功路二段424號(對面),11,1
716,YouBike2.0_福華商場,20,2,內湖區,2023-05-27 13:23:15,民權東路六段/民權東路六段180巷(西南側),18,1
720,YouBike2.0_金湖路347巷125弄口,15,1,內湖區,2023-05-27 13:25:05,金湖路347巷125弄1號(對面),14,1
722,YouBike2.0_碧湖公園(內湖路二段103巷),19,3,內湖區,2023-05-27 13:14:18,內湖路二段103巷76號(對面),16,1
723,YouBike2.0_貿七社區,17,1,內湖區,2023-05-27 13:19:14,內湖路二段179巷48弄17號(旁),16,1
726,YouBike2.0_康寧金湖路口,14,0,內湖區,2023-05-27 12:48:04,康寧路一段273號(對面),14,1
727,YouBike2.0_康寧路一段156巷20弄口,17,1,內湖區,2023-05-27 13:21:18,康寧路一段156巷/康寧路一段156巷20弄(西側),16,1
735,YouBike2.0_康寧公園(北側),20,1,內湖區,2023-05-27 12:54:14,康寧路三段60號南側,19,1
745,YouBike2.0_金龍公園,15,0,內湖區,2023-05-27 13:23:04,金龍路112巷口(金龍公園側),15,1
746,YouBike2.0_星雲街138巷1弄口,15,3,內湖區,2023-05-27 13:14:18,星雲街138巷18號,11,1
747,YouBike2.0_東湖一號公園,10,0,內湖區,2023-05-27 12:50:08,康寧路三段189巷163弄13號東南側,10,1
748,YouBike2.0_東湖二號公園,15,2,內湖區,2023-05-27 13:17:32,康寧路三段99巷39弄70號東南側,12,1
749,YouBike2.0_康湖二號公園(康寧醫院),16,1,內湖區,2023-05-27 13:24:14,成功路五段420巷17號東側,13,1
750,YouBike2.0_堤頂大道新湖一路口,13,0,內湖區,2023-05-27 12:07:04,堤頂大道一段215號前,12,1
752,YouBike2.0_舊宗行善路口,9,1,內湖區,2023-05-27 13:04:17,行善路179號西側,8,1
755,YouBike2.0_金湖星雲街口,30,0,內湖區,2023-05-27 13:17:22,金湖路83號對側,30,1
756,YouBike2.0_國防醫學院,15,3,內湖區,2023-05-27 12:36:15,民權東路六段161號前側,12,1
759,YouBike2.0_九華公園,16,2,內湖區,2023-05-27 13:26:19,文湖街21巷68弄25-6號北側,13,1
761,YouBike2.0_行善行愛路口,12,0,內湖區,2023-05-27 11:35:05,行善路243號(前),12,1
763,YouBike2.0_統振大樓,25,1,內湖區,2023-05-27 09:56:04,安美街181號前,24,1
765,YouBike2.0_潭美公園(南京東路六段368巷),18,3,內湖區,2023-05-27 13:24:14,南京東路六段366號對側,14,1
768,YouBike2.0_瑞光路76巷口,12,1,內湖區,2023-05-27 08:01:04,瑞光路102號前,11,1
770,YouBike2.0_新湖國小,12,2,內湖區,2023-05-27 11:43:15,民權東路六段/成功路二段320巷31弄(東南側),10,1
771,YouBike2.0_碧山內湖路口,16,2,內湖區,2023-05-27 12:55:24,內湖路三段72巷15號西側,14,1
772,YouBike2.0_民權東路六段413巷,16,1,內湖區,2023-05-27 10:48:04,民權東路六段409號前,15,1
773,YouBike2.0_宏匯瑞光廣場(瑞光路),16,2,內湖區,2023-05-27 13:19:14,瑞光路353號前(瑞光路側人行道),14,1
776,YouBike2.0_內湖路一段360巷,15,2,內湖區,2023-05-27 13:13:15,內湖路一段358號,13,1
777,YouBike2.0_成功路三段83號前,11,0,內湖區,2023-05-27 12:45:05,成功路三段83號前,11,1
778,YouBike2.0_內湖路一段47巷,16,0,內湖區,2023-05-27 11:23:04,內湖路一段47巷/內湖路一段47巷22弄,16,1
779,YouBike2.0_陽光舊宗路口,20,3,內湖區,2023-05-27 13:15:15,陽光街/舊宗路二段,17,1
780,YouBike2.0_安湖公園,8,0,內湖區,2023-05-27 09:32:04,東湖路113巷95弄/康寧路三段75巷,8,1
782,YouBike2.0_安泰街(康樂橋下),15,3,內湖區,2023-05-27 12:10:19,安泰街(康樂橋下),12,1
783,YouBike2.0_康樂綠地,15,0,內湖區,2023-05-27 10:57:04,康樂街191巷/康樂街,15,1
785,YouBike2.0_明美公園(行善路333巷),16,1,內湖區,2023-05-27 13:23:15,行善路333巷92號前,15,1
786,YouBike2.0_行善路383巷,17,1,內湖區,2023-05-27 12:30:45,行善路383巷27號對側,15,1
789,YouBike2.0_內湖路三段326巷口,15,1,內湖區,2023-05-27 13:13:15,內湖路三段326巷/內湖路三段,14,1
790,YouBike2.0_成功公園,11,3,內湖區,2023-05-27 13:26:19,成功路四段223巷/成功路四段223巷6弄,8,1
791,YouBike2.0_康寧路三段189巷93弄口,14,1,內湖區,2023-05-27 12:34:04,康寧路三段189巷/康寧路三段189巷93弄,12,1
792,YouBike2.0_中國醫藥大學附設醫院臺北分院,13,0,內湖區,2023-05-27 13:25:05,內湖路二段368號對側,11,1
793,YouBike2.0_康樂抽水站,15,1,內湖區,2023-05-27 12:35:05,東湖路160巷23號,14,1
794,YouBike2.0_環山路三段16巷口,13,2,內湖區,2023-05-27 13:24:14,環山路三段/環山路三段16巷口(東南側),11,1
795,YouBike2.0_文德一號綠地,15,3,內湖區,2023-05-27 12:30:45,內湖區文德路91號旁,12,1
797,YouBike2.0_行善社會住宅,23,3,內湖區,2023-05-27 13:03:15,行愛路與新湖一路口西南側,20,1
798,YouBike2.0_康寧路三段99巷17弄口,15,0,內湖區,2023-05-27 11:58:03,康寧路三段99巷19號對側,15,1
799,YouBike2.0_堤頂大道二段407巷口,15,0,內湖區,2023-05-26 11:53:04,堤頂大道二段405號前,15,1
800,YouBike2.0_海德堡科技大樓,12,2,內湖區,2023-05-27 10:03:15,堤頂大道二段473號前,9,1
801,YouBike2.0_致伸科技大樓,17,1,內湖區,2023-05-27 12:38:14,瑞光路669號旁,16,1
802,YouBike2.0_內湖路一段288巷口,20,1,內湖區,2023-05-27 11:22:15,內湖路一段290號前,19,1
803,YouBike2.0_大都會客運內湖站,15,0,內湖區,2023-05-27 10:25:05,民權東路六段11巷25號對側,15,1
804,YouBike2.0_瑞湖公園,15,1,內湖區,2023-05-27 10:44:04,民權東路六段15巷/民權東路六段19巷,14,1
805,YouBike2.0_台灣世曦大樓,16,0,內湖區,2023-05-27 13:10:10,陽光街323號,15,1
807,YouBike2.0_瑞光路358巷口,14,3,內湖區,2023-05-27 10:48:14,瑞光路/瑞光路358巷,11,1
811,YouBike2.0_新湖三行忠路72巷口,15,1,內湖區,2023-05-27 07:39:04,新湖三路/行忠路72巷,13,1
812,YouBike2.0_新湖三新湖二146巷口,15,0,內湖區,2023-05-27 13:25:05,新湖三路122、124號對側,15,1
815,YouBike2.0_內湖路一段120巷15弄,19,3,內湖區,2023-05-27 06:54:14,內湖路一段120巷15弄8號對側,16,1
816,YouBike2.0_北勢湖環保公園(堤頂大道側),14,1,內湖區,2023-05-27 12:09:04,堤頂大道二段501號前,13,1
817,YouBike2.0_達爾文大樓,15,2,內湖區,2023-05-27 12:49:14,洲子街61號,13,1
819,YouBike2.0_洲美運動公園,20,3,北投區,2023-05-27 13:19:14,洲美街271號(對面),17,1
829,YouBike2.0_捷運關渡站(2號出口),14,0,北投區,2023-05-27 13:25:05,捷運關渡站2號出口外人行道,14,1
834,YouBike2.0_豐年公園,20,1,北投區,2023-05-27 13:08:14,大業路529號(對面),19,1
836,YouBike2.0_國防大學政治作戰學院,30,2,北投區,2023-05-27 13:25:15,中央北路二段167號(對面),26,1
837,YouBike2.0_秀山區民活動中心,20,1,北投區,2023-05-27 12:01:56,秀山路50號(旁),19,1
849,YouBike2.0_陽明大學,30,2,北投區,2023-05-27 13:05:16,東華街二段136號(對面),27,1
859,YouBike2.0_榮富公園,13,2,北投區,2023-05-27 13:10:21,榮華三路2號(旁),11,1
865,YouBike2.0_復興公園,14,0,北投區,2023-05-27 13:26:04,中和街61號對側,14,1
873,YouBike2.0_文化三杏林一路口,17,0,北投區,2023-05-27 12:57:04,杏林一路3號(旁),16,1
874,YouBike2.0_珠海復興一路口,15,0,北投區,2023-05-27 13:17:22,珠海路/復興一路口(東側),15,1
881,YouBike2.0_福星公園,18,3,北投區,2023-05-27 11:03:15,文林北路280號(對側公園),14,1
883,YouBike2.0_豐年公園_1,18,3,北投區,2023-05-27 13:03:15,大業路539號,15,1
887,YouBike2.0_北投公園露天溫泉,15,1,北投區,2023-05-27 12:35:15,中山路6號西側(北投溪木道西側),14,1
888,YouBike2.0_中和街493巷9弄口,16,1,北投區,2023-05-27 13:23:04,中和街493巷9弄2號對側,15,1
893,YouBike2.0_捷運忠義站(2號出口),20,2,北投區,2023-05-27 12:47:14,捷運忠義站(2號出口)無障礙坡道旁,18,1
898,YouBike2.0_北投文化公園(北側),15,0,北投區,2023-05-27 13:25:15,文化三路2號西側公園,15,1
900,YouBike2.0_塔悠八德路口,34,2,松山區,2023-05-27 13:19:14,塔悠路2號(旁),31,1
901,YouBike2.0_鵬程公園,24,0,松山區,2023-05-27 13:17:22,健康路399號北側,24,1
905,YouBike2.0_光復北路11巷口,23,0,松山區,2023-05-27 13:25:05,光復北路13號(旁),23,1
906,YouBike2.0_捷運南京三民站(4號出口),13,1,松山區,2023-05-27 13:26:19,南京東路五段229號(前),11,1
907,YouBike2.0_西松高中,14,1,松山區,2023-05-27 13:23:15,健康路325巷5弄5號(前),12,1
909,YouBike2.0_民福三號綠地,15,2,松山區,2023-05-27 13:12:14,民族東路712號(對面),13,1
912,YouBike2.0_松基公園,20,1,松山區,2023-05-27 13:26:19,長春路432號(對面),18,1
919,YouBike2.0_民權運動公園,21,3,松山區,2023-05-27 13:23:15,民權東路四段/新中街口(西南側),18,1
920,YouBike2.0_新東公園,36,2,松山區,2023-05-27 13:21:18,民生東路五段/塔悠路口(西南側),34,1
922,YouBike2.0_三民公園,22,3,松山區,2023-05-27 13:23:15,撫遠街298號對側公園,19,1
923,YouBike2.0_八德路三段74巷口,17,0,松山區,2023-05-27 13:03:04,八德路三段74巷95號南側,17,1
924,YouBike2.0_八德路三段8巷口,15,2,松山區,2023-05-27 12:21:15,市民大道四段123號,13,1
926,YouBike2.0_平安新城,16,1,松山區,2023-05-27 13:14:18,延壽街356巷/延壽街330巷16弄(東北側),15,1
927,YouBike2.0_健康社會住宅,20,1,松山區,2023-05-27 13:23:04,健康路305號(前),17,1
929,YouBike2.0_市民東興路口,25,3,松山區,2023-05-27 13:21:18,東興路33號南側,21,1
931,YouBike2.0_光復南路58巷,12,1,松山區,2023-05-27 13:23:04,光復南路58巷11號東側,8,1
932,YouBike2.0_松山新城,14,1,松山區,2023-05-27 13:24:04,健康路78號(對面),13,1
933,YouBike2.0_內政部營建署,33,3,松山區,2023-05-27 13:25:15,八德路二段342號(前),30,1
938,YouBike2.0_復盛公園,20,3,松山區,2023-05-27 13:22:15,八德路四段106巷/八德路四段106巷6弄口(東側),16,1
944,YouBike2.0_捷運小巨蛋站(5號出口),22,2,松山區,2023-05-27 13:16:15,南京東路四段75-1號前,20,1
948,YouBike2.0_民權東路三段106巷口,22,2,松山區,2023-05-27 13:23:15,民權東路三段102號前,18,1
949,YouBike2.0_南京東路五段59巷口,11,1,松山區,2023-05-27 13:21:04,南京東路五段57號(前),10,1
950,YouBike2.0_三民公園(塔悠路),20,0,松山區,2023-05-27 13:15:04,塔悠路/撫遠街261巷(西側),20,1
952,YouBike2.0_西松公園,11,3,松山區,2023-05-27 12:52:15,健康路/南京東路五段251巷50弄(西側),7,1
953,YouBike2.0_長壽公園,15,1,松山區,2023-05-27 13:22:15,健康路174號(旁),14,1
954,YouBike2.0_復源公園,14,3,松山區,2023-05-27 13:25:15,八德路三段106巷62號(對面),9,1
957,YouBike2.0_西松高中(健康路325巷),31,0,松山區,2023-05-27 13:21:04,健康路325巷 / 健康路325巷12弄口(東北側),31,1
960,YouBike2.0_介壽國中,12,2,松山區,2023-05-27 13:21:18,民生東路五段36巷/光復北路165巷,9,1
963,YouBike2.0_新東街51巷口,23,1,松山區,2023-05-27 13:21:18,三民路 / 新東街51巷口(東側),22,1
964,YouBike2.0_八德立體停車場,16,0,松山區,2023-05-27 13:05:05,八德路/松信路(西南側),16,1
966,YouBike2.0_八德路四段652巷口,20,2,松山區,2023-05-27 13:21:18,八德路四段650號南側,18,1
968,YouBike2.0_捷運小巨蛋站(3號出口),15,0,松山區,2023-05-27 13:26:04,南京東路四段12號前,15,1
972,YouBike2.0_市民延吉街口,30,0,松山區,2023-05-27 13:01:04,市民大道/延吉街(市民大道橋下空地),28,1
976,YouBike2.0_五常街370巷,11,3,松山區,2023-05-27 13:24:14,五常街370巷8號,8,1
982,YouBike2.0_合樂公園,15,2,南港區,2023-05-27 13:17:32,玉成街46號東側,13,1
983,YouBike2.0_合心廣場,38,0,南港區,2023-05-27 13:19:04,忠孝東路六段17號東北側,38,1
984,YouBike2.0_成德國中,26,1,南港區,2023-05-27 13:26:19,東新街118巷15號南側,24,1
990,YouBike2.0_中研公園,40,2,南港區,2023-05-27 13:25:15,研究院路二段12巷58弄9號西側,38,1
993,YouBike2.0_凌雲市場,20,0,南港區,2023-05-27 13:23:04,研究院路三段68巷9號北側,20,1
995,YouBike2.0_捷運南港軟體園區(2號出口),34,1,南港區,2023-05-27 13:22:15,經貿二路183號(2號出口),33,1
999,YouBike2.0_東陽公園,30,1,南港區,2023-05-27 13:15:04,重陽路125巷34號東側,29,1
1000,YouBike2.0_向陽南港路口,21,1,南港區,2023-05-27 13:11:04,向陽路49號北側,19,1
1006,YouBike2.0_六福公園,19,2,南港區,2023-05-27 13:09:15,研究院路二段35巷23弄25號北側,17,1
1015,YouBike2.0_凌雲五村(研究院路三段8巷),26,2,南港區,2023-05-27 13:23:15,研究院路三段10巷1號東側,24,1
1017,YouBike2.0_南港高中(昆陽街),14,1,南港區,2023-05-27 13:15:04,昆陽街58號東側,12,1
1018,YouBike2.0_南港路三段290巷口,20,1,南港區,2023-05-27 12:06:04,南港路三段314巷20號,19,1
1022,YouBike2.0_捷運後山埤站(3號出口),12,0,南港區,2023-05-15 07:23:15,玉成街150號,12,0
1023,YouBike2.0_玉成公園運動中心,15,1,南港區,2023-05-27 13:15:15,中坡南路19號,14,1
1024,YouBike2.0_百福公園,18,2,南港區,2023-05-27 13:21:18,福德街309巷7號南側,15,1
1026,YouBike2.0_園區重陽路口,13,0,南港區,2023-05-27 12:43:04,重陽路458號西側,12,1
1028,YouBike2.0_胡適公園,20,2,南港區,2023-05-27 12:44:14,研究院路二段/研究院路二段132巷北側,18,1
1029,YouBike2.0_南港抽水站,13,1,南港區,2023-05-27 12:57:14,重陽路505號,12,1
1030,YouBike2.0_經貿公園,20,1,南港區,2023-05-27 13:06:16,經園街58號北側,19,1
1031,YouBike2.0_育成高中,20,2,南港區,2023-05-27 13:23:15,惠民街71號西側,18,1
1033,YouBike2.0_力行橋(南港),18,3,南港區,2023-05-27 13:02:14,研究院路一段101巷16弄2號南側,15,1
1034,YouBike2.0_舊莊國小(舊莊街一段),15,1,南港區,2023-05-27 12:10:19,舊莊街一段/舊莊街一段145巷口,14,1
1036,YouBike2.0_小彎社會住宅,51,2,南港區,2023-05-27 13:17:32,向陽路258巷/重陽路39巷口(西南側),49,1
1039,YouBike2.0_成德綠地,17,1,南港區,2023-05-27 13:21:18,東新街65號東南側,16,1
1042,YouBike2.0_昆陽公園,14,1,南港區,2023-05-27 12:44:14,昆陽街173號對側,13,1
1043,YouBike2.0_南港路二段178巷口,18,2,南港區,2023-05-27 13:12:14,南港路二段 / 南港路二段178巷口(北側),15,1
1046,YouBike2.0_玉成公園(成福路178巷口),18,1,南港區,2023-05-27 13:16:15,成福路178巷8號對側,15,1
1047,YouBike2.0_玉東公園(東新街),14,3,南港區,2023-05-27 13:24:14,東新街/市民大道七段(北側),11,1
1049,YouBike2.0_成福路197巷口,15,0,南港區,2023-05-27 13:24:04,成福路197巷/成福路,15,1
1052,YouBike2.0_南港展覽館2館,18,2,南港區,2023-05-27 13:24:14,經貿二路/南港路一段(西北側),16,1
1053,YouBike2.0_舊莊派出所,15,2,南港區,2023-05-27 12:29:14,舊莊街一段/舊莊街一段215巷,13,1
1054,YouBike2.0_南港路三段80巷,15,2,南港區,2023-05-27 12:58:14,南港路三段/南港路三段80巷,13,1
1056,YouBike2.0_忠孝東路六段278巷口,14,2,南港區,2023-05-27 13:22:15,忠孝東路/忠孝東路六段278巷,12,1
1060,YouBike2.0_忠孝東路六段212巷口,15,2,南港區,2023-05-27 13:04:17,忠孝東路六段226號前,12,1
1064,YouBike2.0_黎忠區民活動中心,16,2,信義區,2023-05-27 13:26:19,和平東路三段391巷16號,11,1
1065,YouBike2.0_基隆路二段159巷口,14,0,信義區,2023-05-27 13:21:04,基隆路二段155號,11,1
1066,YouBike2.0_嘉興街175巷口,16,1,信義區,2023-05-27 13:10:22,基隆路二段131-4號(前),13,1
1067,YouBike2.0_和平東路三段631巷口,15,0,信義區,2023-05-27 13:14:04,和平東路三段633號前,15,1
1068,YouBike2.0_和平東路三段530巷口,15,2,信義區,2023-05-27 13:23:15,和平東路三段530巷口東北側,13,1
1069,YouBike2.0_景勤二號公園,41,0,信義區,2023-05-27 13:01:04,信安街50號(對面),41,1
1070,YouBike2.0_臺北醫學大學,55,0,信義區,2023-05-27 13:25:15,台北醫學大學(吳興街220巷59弄),55,1
1071,YouBike2.0_三興公園,31,0,信義區,2023-05-27 13:23:04,吳興街118巷35弄28號前方(三興公園),31,1
1074,YouBike2.0_象山公園,34,1,信義區,2023-05-27 13:25:15,松仁路153巷15號東側,33,1
1075,YouBike2.0_松仁路253巷3弄,26,0,信義區,2023-05-27 13:26:19,松仁路215巷6號,25,1
1079,YouBike2.0_中全公園,17,1,信義區,2023-05-27 13:26:19,虎林街164巷54號北側,16,1
1080,YouBike2.0_台北市災害應變中心,45,3,信義區,2023-05-27 13:26:19,莊敬路391巷11弄2號(東北側),41,1
1083,YouBike2.0_景新公園,17,2,信義區,2023-05-27 13:25:15,莊敬路239巷12號(對面),15,1
1084,YouBike2.0_光復信義路口東南側,16,0,信義區,2023-05-27 13:23:04,光復南路485號前方,15,1
1085,YouBike2.0_三張犁,40,2,信義區,2023-05-27 13:25:15,光復南路455號前方,34,1
1088,YouBike2.0_松友公園,27,3,信義區,2023-05-27 13:26:19,信義路六段76巷2弄22號(對面),23,1
1090,YouBike2.0_松山家商,25,1,信義區,2023-05-27 12:41:16,松山路655號(前),24,1
1099,YouBike2.0_春光公園,30,1,信義區,2023-05-27 13:23:04,林口街230號(斜對面),28,1
1101,YouBike2.0_福德國小,35,1,信義區,2023-05-27 13:23:04,福德街251巷2號對側,32,1
1102,YouBike2.0_福德公園,35,0,信義區,2023-05-27 13:21:04,大道路與大道路145巷口,33,1
1105,YouBike2.0_福祥公園,19,1,信義區,2023-05-27 13:23:15,松隆路99號西南側,18,1
1106,YouBike2.0_吳興公車總站,56,1,信義區,2023-05-27 13:26:19,松仁路277號南側,55,1
1108,YouBike2.0_興雅國小(基隆路一段37巷),15,0,信義區,2023-05-27 12:59:04,基隆路一段83巷9號西側,13,1
1113,YouBike2.0_三興國小,22,1,信義區,2023-05-27 13:22:15,基隆路二段99-1號(前),21,1
1114,YouBike2.0_市民松信路口,20,2,信義區,2023-05-27 13:17:23,市民大道六段/松信路口(西側),16,1
1116,YouBike2.0_基隆光復路口,17,1,信義區,2023-05-27 13:04:17,基隆路二段/光復南路(東北側),16,1
1118,YouBike2.0_泰和里民活動中心,18,3,信義區,2023-05-27 13:07:14,松仁路308巷60號,14,1
1120,YouBike2.0_虎林永吉路口,15,2,信義區,2023-05-27 13:21:18,永吉路356號東側,12,1
1121,YouBike2.0_永吉公園,18,2,信義區,2023-05-27 13:12:14,永吉路326巷66號西側,13,1
1126,YouBike2.0_松德公園,25,1,信義區,2023-05-27 13:25:15,松德路168巷20號前,23,1
1130,YouBike2.0_基隆路一段101巷口,23,3,信義區,2023-05-27 13:26:19,基隆路一段109-6號前,19,1
1131,YouBike2.0_捷運永春站(2號出口),28,2,信義區,2023-05-27 13:26:19,虎林街132巷44號西側,26,1
1132,YouBike2.0_吳興街260巷,32,2,信義區,2023-05-27 13:26:19,吳興街260巷/吳興街260巷21弄口(東南側),30,1
1134,YouBike2.0_仁愛逸仙路口,28,1,信義區,2023-05-27 13:17:23,仁愛路四段/逸仙路口(西北側),26,1
1135,YouBike2.0_安強公園,20,2,信義區,2023-05-27 13:26:19,虎林街222巷55號,17,1
1138,YouBike2.0_吳興街284巷36弄口,25,1,信義區,2023-05-27 13:23:04,吳興街284巷36弄24號西側,22,1
1140,YouBike2.0_福德國小公車站,10,2,信義區,2023-05-27 13:26:19,福德街308號對側,8,1
1144,YouBike2.0_景平公園,13,0,信義區,2023-05-27 13:23:04,松平路50巷15號對側,13,1
1147,YouBike2.0_松仁路305號,14,0,信義區,2023-05-27 13:25:05,松仁路/吳興街583巷3弄,14,1
1148,YouBike2.0_吳興街394巷口,12,1,信義區,2023-05-27 12:55:25,吳興街394巷/吳興街,10,1
1149,YouBike2.0_忠孝東路五段215巷口,24,1,信義區,2023-05-27 13:24:14,忠孝東路五段/忠孝東路五段215巷,22,1
1150,YouBike2.0_松勤莊敬路口,15,0,信義區,2023-05-27 13:08:04,松勤街/莊敬路,15,1
1151,YouBike2.0_松仁松平路口,10,0,信義區,2023-05-27 13:24:04,松仁路/松平路,10,1
1152,YouBike2.0_信義松德路口,18,2,信義區,2023-05-27 13:08:15,信義路五段180號前,16,1
1154,YouBike2.0_吳興街284巷(廣安宮),15,0,信義區,2023-05-27 13:05:05,吳興街284巷23號對側,14,1
1156,YouBike2.0_克勤新村,18,2,信義區,2023-05-27 13:26:04,信安街67巷75號對側,15,1
1157,YouBike2.0_和平東路三段291號,15,0,信義區,2023-05-27 12:24:04,和平東路三段291號前,15,1
1166,YouBike2.0_青年公園棒球場,28,0,萬華區,2023-05-27 13:08:04,青年路66號對側,27,1
1169,YouBike2.0_新和國小,20,0,萬華區,2023-05-27 13:23:04,萬大路277巷37弄1號東側,18,1
1171,YouBike2.0_莒光立體停車場,10,1,萬華區,2023-05-27 13:25:15,莒光路137號前,9,1
1174,YouBike2.0_華中疏散門,12,3,萬華區,2023-05-27 13:23:15,環河南路三段371號前,8,1
1176,YouBike2.0_忠德公園,19,2,萬華區,2023-05-27 13:22:15,東園街66巷20弄27號前,17,1
1179,YouBike2.0_雙園國中,24,0,萬華區,2023-05-27 13:13:04,西園路二段320巷與興義街口,22,1
1182,YouBike2.0_華江八號公園,20,0,萬華區,2023-05-27 13:26:04,環河南路二段216號旁,19,1
1183,YouBike2.0_環河南雙園街口,15,3,萬華區,2023-05-27 12:50:19,環河南路二段282號前,12,1
1185,YouBike2.0_糖廍文化園區,14,3,萬華區,2023-05-27 13:22:15,大理街177號對側,10,1
1191,YouBike2.0_貓公園(中興橋頭),15,0,萬華區,2023-05-27 13:14:04,成都路108號(對面),14,1
1201,YouBike2.0_臺北市電影主題公園(峨嵋街),15,0,萬華區,2023-05-27 13:19:04,峨嵋街100號(對面),15,1
1208,YouBike2.0_長順街60巷口,15,3,萬華區,2023-05-27 12:26:16,長順街60巷38號對側,12,1
1214,YouBike2.0_富民路145巷口,20,0,萬華區,2023-05-27 13:23:04,富民路151號對側,20,1
1216,YouBike2.0_龍山國中,15,3,萬華區,2023-05-27 13:11:16,南寧路與廣州街口南側,12,1
1217,YouBike2.0_洛陽停車場,22,2,萬華區,2023-05-27 13:23:04,昆明街與洛陽街口西側,18,1
1225,YouBike2.0_雙園國中地下停車場,12,0,萬華區,2023-05-27 12:27:04,西園路二段320巷55弄8-10號前,11,1
1227,YouBike2.0_臺大水源舍區A棟,37,0,臺大專區,2023-05-27 13:15:04,汀洲路三段60巷2弄路側(A舍北側),34,1
1228,YouBike2.0_臺大卓越研究大樓,32,1,臺大專區,2023-05-27 13:25:15,臺大水源舍區C南側,27,1
1230,YouBike2.0_臺大檔案展示館,10,1,臺大專區,2023-05-27 13:24:04,臺大檔案展示館東北側,8,1
1232,YouBike2.0_臺大男八舍東側,42,0,臺大專區,2023-05-27 13:09:04,臺大男八舍東側,42,1
1233,YouBike2.0_臺大禮賢樓東南側,23,2,臺大專區,2023-05-27 13:22:15,臺大仰萃樓東南側,21,1
1245,YouBike2.0_臺大農化新館西側,10,1,臺大專區,2023-05-27 13:16:15,臺大生化科技學系西側,8,1
1247,YouBike2.0_臺大舊體育館西側,33,1,臺大專區,2023-05-27 13:25:15,臺大田徑場東側,31,1
1248,YouBike2.0_臺大共同教室北側,20,3,臺大專區,2023-05-27 13:13:15,臺大共同教學館東北側,15,1
1251,YouBike2.0_臺大公館停車場西北側,12,0,臺大專區,2023-05-27 12:15:04,臺大公館停車場西北側,12,1
1252,YouBike2.0_臺大第二行政大樓南側,27,0,臺大專區,2023-05-27 13:17:23,臺大行政大樓西側,27,1
1253,YouBike2.0_臺大明達館機車停車場,28,0,臺大專區,2023-05-27 12:43:04,臺大明達館西側,28,1
1254,YouBike2.0_臺大二號館,10,1,臺大專區,2023-05-27 13:05:16,臺大物理文物廳北側,9,1
1255,YouBike2.0_臺大凝態館南側,20,0,臺大專區,2023-05-27 13:17:23,臺大物理系館南側,20,1
1259,YouBike2.0_臺大椰林小舖,48,0,臺大專區,2023-05-27 13:19:04,臺大椰林小舖旁,47,1
1267,YouBike2.0_臺大一號館,19,1,臺大專區,2023-05-27 13:24:14,臺大植物魚類標本館一號館北側,18,1
1268,YouBike2.0_臺大小小福西南側,10,0,臺大專區,2023-05-27 13:24:04,臺大進修教育大樓,10,1
1270,YouBike2.0_臺大四號館東北側,10,1,臺大專區,2023-05-27 13:15:15,臺大園藝暨景觀學系北側,9,1
1273,YouBike2.0_臺大電機二館東南側,14,1,臺大專區,2023-05-27 13:23:04,臺大電機二館南側,13,1
1278,YouBike2.0_臺大新體育館東南側,40,2,臺大專區,2023-05-27 13:21:19,臺大體育館東側,38,1
1279,YouBike2.0_臺大明達館北側(員工宿舍),18,3,臺大公館校區,2023-05-27 12:56:16,明達館北側前空地,14,1
